1,https://res.cloudinary.com/dodwnkmga/image/upload/v1727609998/agvbw6orbynxlrzbc3yq.jpg
1,https://res.cloudinary.com/dodwnkmga/image/upload/v1727609998/pcpztb5nrglkkwl29owc.jpg
2,https://res.cloudinary.com/dodwnkmga/image/upload/v1727609999/t30gmxvtytw1bwjih4ky.jpg
10,https://res.cloudinary.com/dodwnkmga/image/upload/v1727609999/juop2lzpu3mjmd4zqupu.jpg
16,https://res.cloudinary.com/dodwnkmga/image/upload/v1727610000/c1unvetwxawzsisd8qsr.jpg
20,https://res.cloudinary.com/dodwnkmga/image/upload/v1727610000/joog7r5pp9eko8dlrcyb.jpg
33,https://res.cloudinary.com/dodwnkmga/image/upload/v1727610001/np9b6fyjwcagdadmasze.jpg
38,https://res.cloudinary.com/dodwnkmga/image/upload/v1727610001/pb4emlllcowtt6zgf19c.jpg
65,https://res.cloudinary.com/dodwnkmga/image/upload/v1727610002/f5f3erhv68wdlqw44ff5.jpg
72,https://res.cloudinary.com/dodwnkmga/image/upload/v1727610002/ojnxhnhtulcke9mpwnpm.jpg
73,https://res.cloudinary.com/dodwnkmga/image/upload/v1727610003/iv0kzg8ec5f7dmcym8yq.jpg
76,https://res.cloudinary.com/dodwnkmga/image/upload/v1727610003/zfze3zlfjjrosjee1zvl.jpg
84,https://res.cloudinary.com/dodwnkmga/image/upload/v1727610004/hfokjwec4r5uddsuuvfg.jpg
85,https://res.cloudinary.com/dodwnkmga/image/upload/v1727610004/seppqprayxnk87zmsjqr.jpg
89,https://res.cloudinary.com/dodwnkmga/image/upload/v1727610004/chirbiabnzjnogs6vjes.jpg
90,https://res.cloudinary.com/dodwnkmga/image/upload/v1727610005/lywkftvz6vbl9jim8vnr.jpg
91,https://res.cloudinary.com/dodwnkmga/image/upload/v1727610006/uhftwpzxbyoukgi0wka1.jpg
96,https://res.cloudinary.com/dodwnkmga/image/upload/v1727610006/xzayyeixtnvu7h9fqpgs.jpg
110,https://res.cloudinary.com/dodwnkmga/image/upload/v1727610007/lw9s1k3ysipnazfaotmo.jpg
115,https://res.cloudinary.com/dodwnkmga/image/upload/v1727610007/luhoap16hbj1s4ubw4y9.jpg
118,https://res.cloudinary.com/dodwnkmga/image/upload/v1727610008/etpofqzib4ohynz3yktq.jpg
125,https://res.cloudinary.com/dodwnkmga/image/upload/v1727610008/du6omnewi6omphapiewf.jpg
127,https://res.cloudinary.com/dodwnkmga/image/upload/v1727610009/kkdttnu4xijqx4wf0zc7.jpg
139,https://res.cloudinary.com/dodwnkmga/image/upload/v1727610009/kg4iodiulxrjgwy9ttmg.jpg
